{"_class":"document","do_objectID":"AF6CF8DE-3589-42A4-9DB1-0CE8CB10D0B8","assets":{"_class":"assetCollection","colors":[],"gradients":[],"imageCollection":{"_class":"imageCollection","images":{}},"images":[]},"currentPageIndex":0,"enableLayerInteraction":true,"enableSliceInteraction":true,"foreignSymbols":[],"layerStyles":{"_class":"sharedStyleContainer","objects":[]},"layerSymbols":{"_class":"symbolContainer","objects":[]},"layerTextStyles":{"_class":"sharedTextStyleContainer","objects":[]},"pages":[{"_class":"MSJSONFileReference","_ref_class":"MSImmutablePage","_ref":"pages\/3AAA2AA1-07EA-4E2F-B1C4-F0515818BAC6"}],"userInfo":{"com.example.ExampleSketchBuildSystem.822BB12F-5159-4E1F-B93F-E8D3765F1A30":{"outputPath":"export"}}}