{"commit":"25a070e8ae289f31b53070a88ef08db060debc17","appVersion":"46.1","build":44463,"app":"com.bohemiancoding.sketch3","pagesAndArtboards":{"3AAA2AA1-07EA-4E2F-B1C4-F0515818BAC6":{"name":"Page 1","artboards":{"46321565-8803-4A93-8902-22431F9BB587":{"name":"Spiegelei"},"A5B38481-CD73-45AF-9187-BDED8E88259F":{"name":"Banner"},"680F3CDE-9A20-4C59-B391-C2023B3D7068":{"name":"Testartboard"},"C26513D5-C461-4C60-B313-46AEC07013B9":{"name":"Banner2"}}}},"fonts":["HelveticaNeue-Bold","Pangram-Bold","HelveticaNeue","Pangram-Medium"],"created":{"app":"com.bohemiancoding.sketch3","commit":"25a070e8ae289f31b53070a88ef08db060debc17","build":44463,"appVersion":"46.1","variant":"NONAPPSTORE","version":93},"version":93,"saveHistory":["NONAPPSTORE.44463"],"autosaved":0,"variant":"NONAPPSTORE"}